"fem","model","damage","inter","pressure","deadly","years","n","est","lo","hi","p","rank","sig"
"Femininity index","OLS, log(1 + deaths)","Damage in logs","Femininity x damage","No pressure control","Drop 4 with 100+ deaths","1979-2012",53,-32.0761808352121,-67.6604380546932,42.6625758794595,0.312006206545631,1,"p ≥ .05"
"Femininity index","OLS, log(1 + deaths)","Damage in logs","Femininity x damage","Pressure control","Drop 4 with 100+ deaths","1979-2012",53,-31.8548166149265,-67.6680239946798,43.627658817425,0.318400810231677,2,"p ≥ .05"
"Female name (0/1)","OLS, log(1 + deaths)","Damage in logs","Femininity x damage","No pressure control","Drop 4 with 100+ deaths","1979-2012",53,-28.3178728323901,-65.7095088503344,49.8470037319224,0.380504381968962,3,"p ≥ .05"
"Female name (0/1)","OLS, log(1 + deaths)","Damage in logs","Femininity x damage","Pressure control","Drop 4 with 100+ deaths","1979-2012",53,-27.612498212123,-65.5068040652428,51.9125808174196,0.397123848197529,4,"p ≥ .05"
"Female name (0/1)","Negative binomial","Damage in logs","Femininity x damage","Pressure control","Drop 4 with 100+ deaths","1979-2012",53,-26.9618660309212,-66.6388990490152,59.9038659282507,0.431937137848039,5,"p ≥ .05"
"Female name (0/1)","Negative binomial","Damage in logs","Femininity x damage","No pressure control","Drop 4 with 100+ deaths","1979-2012",53,-26.9124122209544,-66.5965108474056,59.9172907643631,0.432581463814319,6,"p ≥ .05"
"Femininity index","Negative binomial","Damage in logs","Femininity x damage","Pressure control","Drop 4 with 100+ deaths","1979-2012",53,-26.24011485956,-66.6814059090633,63.2878218415233,0.452867096218178,7,"p ≥ .05"
"Femininity index","Negative binomial","Damage in logs","Femininity x damage","No pressure control","Drop 4 with 100+ deaths","1979-2012",53,-26.1233193314956,-66.6504862366421,63.6534788879824,0.45559078898422,8,"p ≥ .05"
"Femininity index","Negative binomial","Damage in levels","No interaction","Pressure control","Drop 4 with 100+ deaths","1979-2012",53,-20.5827992245659,-55.1244268793581,40.5462112327757,0.428767658362353,9,"p ≥ .05"
"Femininity index","Negative binomial","Damage in levels","No interaction","Pressure control","Drop 4 with 100+ deaths","1950-2012",88,-18.6910738091014,-48.5372777602439,28.4646670558315,0.375267170812199,10,"p ≥ .05"
"Female name (0/1)","Negative binomial","Damage in levels","No interaction","Pressure control","Drop 4 with 100+ deaths","1979-2012",53,-15.6966522589784,-52.809446885528,50.60332993139,0.564084058248916,11,"p ≥ .05"
"Femininity index","Negative binomial","Damage in levels","No interaction","Pressure control","All storms","1979-2012",54,-14.6970299782797,-50.3816264355277,46.6512537955634,0.565290362301768,12,"p ≥ .05"
"Femininity index","OLS, log(1 + deaths)","Damage in logs","Femininity x damage","No pressure control","All storms","1979-2012",54,-13.1352483738243,-58.2829783092638,80.8730529953618,0.708277545981871,13,"p ≥ .05"
"Femininity index","OLS, log(1 + deaths)","Damage in logs","Femininity x damage","Pressure control","All storms","1979-2012",54,-12.8858959782842,-58.3110569330448,82.0354885783048,0.715287735194083,14,"p ≥ .05"
"Femininity index","Negative binomial","Damage in logs","No interaction","Pressure control","Drop 4 with 100+ deaths","1950-2012",88,-12.7775240897113,-42.4553865801814,32.2062978930493,0.519408037795176,15,"p ≥ .05"
"Female name (0/1)","Negative binomial","Damage in levels","No interaction","Pressure control","Drop 4 with 100+ deaths","1950-2012",88,-12.7009571522617,-45.862145373997,40.7725321732781,0.577398322245507,16,"p ≥ .05"
"Female name (0/1)","Negative binomial","Damage in logs","No interaction","Pressure control","Drop 4 with 100+ deaths","1950-2012",88,-12.6137566729675,-43.4665863021445,35.0768514285032,0.5439740667791,17,"p ≥ .05"
"Femininity index","OLS, log(1 + deaths)","Damage in logs","No interaction","Pressure control","Drop 4 with 100+ deaths","1950-2012",88,-12.5209973206842,-39.7396412365137,26.9918743730528,0.483722293086909,18,"p ≥ .05"
"Female name (0/1)","OLS, log(1 + deaths)","Damage in logs","No interaction","No pressure control","Drop 4 with 100+ deaths","1950-2012",88,-12.2061688398805,-40.9117953564179,30.4449312052123,0.521060826277745,19,"p ≥ .05"
"Female name (0/1)","OLS, log(1 + deaths)","Damage in logs","No interaction","Pressure control","Drop 4 with 100+ deaths","1950-2012",88,-12.1247315873237,-40.5082654540531,29.8005993191536,0.517827141899543,20,"p ≥ .05"
"Femininity index","OLS, log(1 + deaths)","Damage in logs","No interaction","No pressure control","Drop 4 with 100+ deaths","1950-2012",88,-10.9297671537717,-38.9767932208885,30.0080215056314,0.550176832561282,21,"p ≥ .05"
"Female name (0/1)","Negative binomial","Damage in logs","No interaction","Pressure control","Drop 4 with 100+ deaths","1979-2012",53,-10.093040676646,-46.007215208832,49.7100282201682,0.682576241351898,22,"p ≥ .05"
"Female name (0/1)","Negative binomial","Damage in levels","No interaction","Pressure control","All storms","1979-2012",54,-10.0116905811525,-48.3103153559373,56.6636726036284,0.709199467238976,23,"p ≥ .05"
"Female name (0/1)","OLS, log(1 + deaths)","Damage in logs","Femininity x damage","No pressure control","All storms","1979-2012",54,-9.97016702393393,-56.6459009469901,86.9574273885326,0.779328264900912,24,"p ≥ .05"
"Femininity index","Negative binomial","Damage in logs","No interaction","Pressure control","Drop 4 with 100+ deaths","1979-2012",53,-9.63587601331506,-45.0930724563092,48.7184817868991,0.690177360739638,25,"p ≥ .05"
"Female name (0/1)","Negative binomial","Damage in logs","No interaction","No pressure control","Drop 4 with 100+ deaths","1979-2012",53,-9.52404250600592,-45.6779029805426,50.691879246174,0.700586438042518,26,"p ≥ .05"
"Femininity index","OLS, log(1 + deaths)","Damage in logs","No interaction","Pressure control","Drop 4 with 100+ deaths","1979-2012",53,-9.33844402605012,-42.7079019551766,43.4668656258141,0.677295001765108,27,"p ≥ .05"
"Female name (0/1)","OLS, log(1 + deaths)","Damage in logs","Femininity x damage","Pressure control","All storms","1979-2012",54,-9.12049401883066,-56.4061653193047,89.4553362390662,0.799666893617444,28,"p ≥ .05"
"Female name (0/1)","Negative binomial","Damage in logs","No interaction","No pressure control","Drop 4 with 100+ deaths","1950-2012",88,-9.11066155404339,-41.5029842243816,41.2186883999438,0.67091872586324,29,"p ≥ .05"
"Femininity index","Negative binomial","Damage in logs","No interaction","No pressure control","Drop 4 with 100+ deaths","1979-2012",53,-8.69619057016132,-44.3981869159072,49.9301039660748,0.719202047983032,30,"p ≥ .05"
"Femininity index","OLS, log(1 + deaths)","Damage in levels","No interaction","Pressure control","Drop 4 with 100+ deaths","1950-2012",88,-8.31732458115063,-38.9640740472578,37.7174646038189,0.676784583902333,31,"p ≥ .05"
"Femininity index","OLS, log(1 + deaths)","Damage in logs","No interaction","No pressure control","Drop 4 with 100+ deaths","1979-2012",53,-7.41656710285377,-41.2602380179836,45.9265709936765,0.741310415520539,32,"p ≥ .05"
"Femininity index","Negative binomial","Damage in logs","No interaction","No pressure control","Drop 4 with 100+ deaths","1950-2012",88,-7.30805439827458,-39.0956076539571,41.0702323506797,0.723213871560845,33,"p ≥ .05"
"Female name (0/1)","OLS, log(1 + deaths)","Damage in logs","No interaction","Pressure control","Drop 4 with 100+ deaths","1979-2012",53,-7.16108358187356,-41.9656650263518,48.5166394274276,0.757893707269986,34,"p ≥ .05"
"Female name (0/1)","Negative binomial","Damage in levels","Femininity x damage","No pressure control","All storms","1979-2012",54,-6.8280821774656,-57.8869541049272,106.135796787493,0.861422859291623,35,"p ≥ .05"
"Female name (0/1)","OLS, log(1 + deaths)","Damage in logs","No interaction","No pressure control","Drop 4 with 100+ deaths","1979-2012",53,-6.44301264937748,-41.4003779561217,49.368026223284,0.78138440923687,36,"p ≥ .05"
"Femininity index","Negative binomial","Damage in logs","Femininity x damage","No pressure control","All storms","1979-2012",54,-6.37802953684086,-56.1301068277229,99.7970070039651,0.864690872319956,37,"p ≥ .05"
"Femininity index","Negative binomial","Damage in logs","Femininity x damage","Pressure control","All storms","1979-2012",54,-6.36011551250144,-56.1326672621412,99.8851404809634,0.865123912055525,38,"p ≥ .05"
"Femininity index","Negative binomial","Damage in levels","Femininity x damage","No pressure control","All storms","1979-2012",54,-6.16656686126431,-57.7152039570701,108.224089946243,0.87563218070919,39,"p ≥ .05"
"Female name (0/1)","Negative binomial","Damage in logs","Femininity x damage","No pressure control","All storms","1979-2012",54,-6.14012421963848,-55.7090324255082,98.904579510216,0.868649448048646,40,"p ≥ .05"
"Female name (0/1)","Negative binomial","Damage in logs","Femininity x damage","Pressure control","All storms","1979-2012",54,-6.09173784081466,-55.7484913106874,99.2872551233069,0.869949588050966,41,"p ≥ .05"
"Femininity index","OLS, log(1 + deaths)","Damage in levels","No interaction","Pressure control","Drop 4 with 100+ deaths","1979-2012",53,-5.9375970108009,-44.4526464260328,59.2827576262618,0.820767739922618,42,"p ≥ .05"
"Femininity index","Negative binomial","Damage in logs","Femininity x damage","Pressure control","Drop 4 with 100+ deaths","1950-2012",88,-5.88971143349788,-50.1142985554572,77.5407813783317,0.851311760529167,43,"p ≥ .05"
"Femininity index","Negative binomial","Damage in levels","No interaction","No pressure control","All storms","1979-2012",54,-4.98034445893942,-47.3215650016095,71.3933783229829,0.865209881971748,44,"p ≥ .05"
"Femininity index","OLS, log(1 + deaths)","Damage in logs","No interaction","Pressure control","All storms","1979-2012",54,-3.63131118501842,-39.6277805388518,53.8277748740916,0.877425177524725,45,"p ≥ .05"
"Female name (0/1)","OLS, log(1 + deaths)","Damage in levels","No interaction","Pressure control","Drop 4 with 100+ deaths","1950-2012",88,-3.56458417188276,-36.9279663351359,47.4471153943871,0.867339291229629,46,"p ≥ .05"
"Femininity index","OLS, log(1 + deaths)","Damage in logs","Femininity x damage","Pressure control","Drop 4 with 100+ deaths","1950-2012",88,-2.40022416516972,-46.2847927040858,77.3374193742277,0.936637158828098,47,"p ≥ .05"
"Female name (0/1)","Negative binomial","Damage in logs","No interaction","Pressure control","All storms","1979-2012",54,-2.3592679952828,-41.3400177562486,62.5249817976642,0.926825174009037,48,"p ≥ .05"
"Femininity index","Negative binomial","Damage in logs","Femininity x damage","No pressure control","Drop 4 with 100+ deaths","1950-2012",88,-2.22897599563301,-48.7018688265703,86.3454460464587,0.945385805585965,49,"p ≥ .05"
"Female name (0/1)","Negative binomial","Damage in logs","No interaction","No pressure control","All storms","1979-2012",54,-2.22691921223861,-41.2509680670688,62.7188570127159,0.930944036814922,50,"p ≥ .05"
"Femininity index","OLS, log(1 + deaths)","Damage in logs","No interaction","No pressure control","All storms","1979-2012",54,-1.75820417667036,-38.1818719325001,56.1265400345714,0.940465893302196,51,"p ≥ .05"
"Femininity index","Negative binomial","Damage in logs","No interaction","Pressure control","All storms","1979-2012",54,-1.61443314193441,-40.1307946486533,61.6811131729037,0.948793481477354,52,"p ≥ .05"
"Female name (0/1)","OLS, log(1 + deaths)","Damage in logs","No interaction","Pressure control","All storms","1979-2012",54,-1.58075742253109,-39.039773085679,58.896181983324,0.948277101117588,53,"p ≥ .05"
"Femininity index","Negative binomial","Damage in logs","No interaction","No pressure control","All storms","1979-2012",54,-1.3997802030656,-39.855365281527,61.6437341337402,0.955426362488251,54,"p ≥ .05"
"Femininity index","OLS, log(1 + deaths)","Damage in levels","No interaction","Pressure control","All storms","1979-2012",54,-1.10731979612294,-40.0838593855718,63.2241679390022,0.965433262378216,55,"p ≥ .05"
"Female name (0/1)","OLS, log(1 + deaths)","Damage in logs","No interaction","No pressure control","All storms","1950-2012",92,-1.00877785024399,-35.4024330905146,51.6970767093001,0.962971753581114,56,"p ≥ .05"
"Female name (0/1)","OLS, log(1 + deaths)","Damage in logs","No interaction","No pressure control","All storms","1979-2012",54,-0.879056473254336,-38.4619882295325,59.6567903798829,0.971181548124438,57,"p ≥ .05"
"Femininity index","Negative binomial","Damage in levels","No interaction","No pressure control","Drop 4 with 100+ deaths","1950-2012",88,-0.632521331383329,-40.0049197273073,64.5784249654915,0.980335194481674,58,"p ≥ .05"
"Female name (0/1)","OLS, log(1 + deaths)","Damage in logs","No interaction","Pressure control","All storms","1950-2012",92,-0.551681028700157,-35.0770954823242,52.3340371120452,0.979772216169013,59,"p ≥ .05"
"Femininity index","OLS, log(1 + deaths)","Damage in logs","Femininity x damage","No pressure control","Drop 4 with 100+ deaths","1950-2012",88,0.243250361503522,-45.3070297784323,83.7294482696873,0.993747562326818,60,"p ≥ .05"
"Female name (0/1)","Negative binomial","Damage in levels","No interaction","No pressure control","All storms","1979-2012",54,0.506960542700674,-45.0958696518972,83.9870525857633,0.98692154080325,61,"p ≥ .05"
"Femininity index","Negative binomial","Damage in levels","No interaction","No pressure control","Drop 4 with 100+ deaths","1979-2012",53,1.12527000991312,-45.0432788768182,86.079519039286,0.97131005514949,62,"p ≥ .05"
"Femininity index","OLS, log(1 + deaths)","Damage in logs","No interaction","Pressure control","All storms","1950-2012",92,1.27255067731793,-32.5821022574759,52.1276970079836,0.951568906972527,63,"p ≥ .05"
"Female name (0/1)","Negative binomial","Damage in logs","Femininity x damage","Pressure control","Drop 4 with 100+ deaths","1950-2012",88,1.53688107401517,-47.056754798402,94.7318903286176,0.963385567477592,64,"p ≥ .05"
"Femininity index","OLS, log(1 + deaths)","Damage in logs","No interaction","No pressure control","All storms","1950-2012",92,1.71466675313041,-32.3145728487166,52.8523031933647,0.934978919619821,65,"p ≥ .05"
"Female name (0/1)","OLS, log(1 + deaths)","Damage in levels","No interaction","Pressure control","Drop 4 with 100+ deaths","1979-2012",53,2.87019079653088,-39.7519573682072,75.6451445101456,0.917853927193697,66,"p ≥ .05"
"Female name (0/1)","Negative binomial","Damage in logs","Femininity x damage","No pressure control","Drop 4 with 100+ deaths","1950-2012",88,3.62424037201103,-46.5529104680855,100.908661008836,0.916064392865435,67,"p ≥ .05"
"Female name (0/1)","OLS, log(1 + deaths)","Damage in logs","Femininity x damage","Pressure control","Drop 4 with 100+ deaths","1950-2012",88,3.69542404594112,-43.8628740435601,91.544201539837,0.908010690551734,68,"p ≥ .05"
"Femininity index","OLS, log(1 + deaths)","Damage in levels","No interaction","No pressure control","Drop 4 with 100+ deaths","1950-2012",88,3.8275333403315,-33.7077123824695,62.6155480066269,0.870051014227633,69,"p ≥ .05"
"Femininity index","OLS, log(1 + deaths)","Damage in levels","Femininity x damage","Pressure control","Drop 4 with 100+ deaths","1979-2012",53,4.20849568763704,-71.2954999526833,278.317356358046,0.950292552898679,70,"p ≥ .05"
"Female name (0/1)","Negative binomial","Damage in levels","No interaction","No pressure control","Drop 4 with 100+ deaths","1950-2012",88,4.81225189184769,-38.1567212990936,77.6362504932832,0.861382462304492,71,"p ≥ .05"
"Female name (0/1)","OLS, log(1 + deaths)","Damage in logs","Femininity x damage","No pressure control","Drop 4 with 100+ deaths","1950-2012",88,4.8134222221061,-43.7618387165849,95.3451753613655,0.882697372812298,72,"p ≥ .05"
"Femininity index","OLS, log(1 + deaths)","Damage in levels","Femininity x damage","No pressure control","All storms","1979-2012",54,6.67284880871419,-49.4385430283307,125.054762154951,0.866019937274604,73,"p ≥ .05"
"Female name (0/1)","OLS, log(1 + deaths)","Damage in levels","No interaction","Pressure control","All storms","1979-2012",54,7.09687030310326,-35.8224948916589,78.71900145319,0.794069432711215,74,"p ≥ .05"
"Female name (0/1)","Negative binomial","Damage in levels","No interaction","No pressure control","Drop 4 with 100+ deaths","1979-2012",53,7.21700901231752,-42.4653916863991,99.8012562958547,0.826322816784419,75,"p ≥ .05"
"Female name (0/1)","OLS, log(1 + deaths)","Damage in levels","No interaction","No pressure control","Drop 4 with 100+ deaths","1950-2012",88,7.55322546676476,-32.6957231823924,71.8716381078251,0.761522602301221,76,"p ≥ .05"
"Female name (0/1)","OLS, log(1 + deaths)","Damage in levels","Femininity x damage","Pressure control","Drop 4 with 100+ deaths","1979-2012",53,8.57292118335193,-67.556753860414,263.344628449587,0.89438541251766,77,"p ≥ .05"
"Female name (0/1)","Negative binomial","Damage in levels","Femininity x damage","Pressure control","Drop 4 with 100+ deaths","1979-2012",53,8.74875707382177,-68.6191501742244,276.863349168677,0.89477420920486,78,"p ≥ .05"
"Femininity index","OLS, log(1 + deaths)","Damage in levels","No interaction","Pressure control","All storms","1950-2012",92,9.15800945432823,-29.9078715614294,69.9972777752646,0.699171181399497,79,"p ≥ .05"
"Femininity index","Negative binomial","Damage in levels","Femininity x damage","Pressure control","All storms","1979-2012",54,9.36286942285973,-46.1283002835874,122.013362699927,0.804328878743499,80,"p ≥ .05"
"Femininity index","OLS, log(1 + deaths)","Damage in levels","No interaction","No pressure control","All storms","1979-2012",54,10.2089413181656,-35.3534127264084,87.8832473409245,0.722441581593369,81,"p ≥ .05"
"Femininity index","Negative binomial","Damage in levels","Femininity x damage","Pressure control","Drop 4 with 100+ deaths","1979-2012",53,10.813989923528,-70.435720638515,315.357337570327,0.878934513942459,82,"p ≥ .05"
"Female name (0/1)","Negative binomial","Damage in logs","No interaction","Pressure control","All storms","1950-2012",92,10.8954655128968,-30.5942132453544,77.1870163333167,0.665344333806439,83,"p ≥ .05"
"Female name (0/1)","Negative binomial","Damage in logs","No interaction","No pressure control","All storms","1950-2012",92,11.1496386496795,-30.4356344084394,77.5944057980905,0.658405986544287,84,"p ≥ .05"
"Female name (0/1)","OLS, log(1 + deaths)","Damage in levels","Femininity x damage","No pressure control","All storms","1979-2012",54,11.2157072798913,-47.0207714550245,133.467603916998,0.779901670912703,85,"p ≥ .05"
"Female name (0/1)","Negative binomial","Damage in levels","Femininity x damage","Pressure control","All storms","1979-2012",54,12.3082647366386,-44.7230372696566,128.180885944935,0.748255969828942,86,"p ≥ .05"
"Female name (0/1)","OLS, log(1 + deaths)","Damage in levels","No interaction","Pressure control","All storms","1950-2012",92,12.8266943127094,-28.9644332139324,79.2040737546466,0.610460846863904,87,"p ≥ .05"
"Femininity index","OLS, log(1 + deaths)","Damage in levels","No interaction","No pressure control","Drop 4 with 100+ deaths","1979-2012",53,13.539742004332,-34.612797312364,97.1528446627963,0.65392328025856,88,"p ≥ .05"
"Femininity index","OLS, log(1 + deaths)","Damage in levels","Femininity x damage","Pressure control","Drop 4 with 100+ deaths","1950-2012",88,14.9210985236494,-39.7144742251791,119.071803988452,0.673740538016959,89,"p ≥ .05"
"Femininity index","OLS, log(1 + deaths)","Damage in levels","Femininity x damage","Pressure control","All storms","1979-2012",54,15.5086933651561,-42.2667287687945,131.101719310061,0.685438857886407,90,"p ≥ .05"
"Femininity index","OLS, log(1 + deaths)","Damage in levels","No interaction","No pressure control","All storms","1950-2012",92,15.8715980694708,-27.7548074214795,85.8425005176719,0.54263732729973,91,"p ≥ .05"
"Femininity index","Negative binomial","Damage in logs","No interaction","Pressure control","All storms","1950-2012",92,16.5275707228864,-25.3524195552544,81.9037490254393,0.500837706343972,92,"p ≥ .05"
"Femininity index","Negative binomial","Damage in levels","Femininity x damage","Pressure control","Drop 4 with 100+ deaths","1950-2012",88,16.7845830827348,-40.7674588944126,130.255845709811,0.654168027365794,93,"p ≥ .05"
"Femininity index","Negative binomial","Damage in logs","No interaction","No pressure control","All storms","1950-2012",92,16.7883488788237,-25.1740914188585,82.2833653807369,0.494454229924804,94,"p ≥ .05"
"Female name (0/1)","OLS, log(1 + deaths)","Damage in levels","No interaction","No pressure control","All storms","1979-2012",54,17.6457448743172,-31.8424048695671,103.066455918029,0.562117950458446,95,"p ≥ .05"
"Female name (0/1)","OLS, log(1 + deaths)","Damage in levels","No interaction","No pressure control","All storms","1950-2012",92,18.814197473421,-27.4913320617236,94.6913923900814,0.495638885088653,96,"p ≥ .05"
"Female name (0/1)","OLS, log(1 + deaths)","Damage in levels","Femininity x damage","Pressure control","All storms","1979-2012",54,20.971511566105,-39.406383537888,141.512348412785,0.591824094142196,97,"p ≥ .05"
"Female name (0/1)","OLS, log(1 + deaths)","Damage in levels","No interaction","No pressure control","Drop 4 with 100+ deaths","1979-2012",53,21.3453358308004,-30.8563154524445,112.957851815988,0.503294519408984,98,"p ≥ .05"
"Femininity index","Negative binomial","Damage in levels","No interaction","No pressure control","All storms","1950-2012",92,22.022984316317,-27.679166680343,105.882703752158,0.455798606586785,99,"p ≥ .05"
"Female name (0/1)","Negative binomial","Damage in levels","No interaction","No pressure control","All storms","1950-2012",92,25.4902334660074,-27.4035004748902,116.922286864619,0.416145615527218,100,"p ≥ .05"
"Femininity index","Negative binomial","Damage in levels","No interaction","Pressure control","All storms","1950-2012",92,25.5742352815419,-24.958842621254,110.136531969459,0.385983718284425,101,"p ≥ .05"
"Female name (0/1)","OLS, log(1 + deaths)","Damage in levels","Femininity x damage","Pressure control","Drop 4 with 100+ deaths","1950-2012",88,25.9470354956202,-35.9208964625228,147.548028521616,0.505274342907347,102,"p ≥ .05"
"Female name (0/1)","Negative binomial","Damage in levels","No interaction","Pressure control","All storms","1950-2012",92,26.8313968156013,-25.9736531020002,117.30375592303,0.386915611108577,103,"p ≥ .05"
"Female name (0/1)","Negative binomial","Damage in levels","Femininity x damage","Pressure control","Drop 4 with 100+ deaths","1950-2012",88,33.7066304305293,-34.4002342067164,172.523275119932,0.423974548062538,104,"p ≥ .05"
"Femininity index","OLS, log(1 + deaths)","Damage in levels","Femininity x damage","No pressure control","Drop 4 with 100+ deaths","1950-2012",88,35.7676854993691,-33.4222810727209,176.862360604293,0.402701787920693,105,"p ≥ .05"
"Femininity index","OLS, log(1 + deaths)","Damage in levels","Femininity x damage","No pressure control","All storms","1950-2012",92,41.6640053875601,-27.1555361062371,175.50055762254,0.307549098281215,106,"p ≥ .05"
"Femininity index","OLS, log(1 + deaths)","Damage in logs","Femininity x damage","Pressure control","All storms","1950-2012",92,45.1954593620636,-22.1467912292543,170.788086351585,0.244108853385945,107,"p ≥ .05"
"Femininity index","OLS, log(1 + deaths)","Damage in logs","Femininity x damage","No pressure control","All storms","1950-2012",92,45.3202837009605,-22.152960545895,171.275375441578,0.243699709942436,108,"p ≥ .05"
"Femininity index","OLS, log(1 + deaths)","Damage in levels","Femininity x damage","Pressure control","All storms","1950-2012",92,46.2032000405977,-21.2484590102877,171.428030911845,0.232136740819704,109,"p ≥ .05"
"Female name (0/1)","OLS, log(1 + deaths)","Damage in levels","Femininity x damage","No pressure control","Drop 4 with 100+ deaths","1950-2012",88,46.7811199472796,-30.4233997121642,209.654353386743,0.316536385130546,110,"p ≥ .05"
"Female name (0/1)","OLS, log(1 + deaths)","Damage in logs","Femininity x damage","No pressure control","All storms","1950-2012",92,46.9740361828688,-22.9090873603146,180.206402703334,0.245283087013793,111,"p ≥ .05"
"Female name (0/1)","OLS, log(1 + deaths)","Damage in logs","Femininity x damage","Pressure control","All storms","1950-2012",92,47.6510688193504,-22.4932663784663,181.276698227928,0.239208382730147,112,"p ≥ .05"
"Female name (0/1)","OLS, log(1 + deaths)","Damage in levels","Femininity x damage","No pressure control","All storms","1950-2012",92,47.7330977998047,-26.2974408469788,196.123614109701,0.274358383208622,113,"p ≥ .05"
"Female name (0/1)","OLS, log(1 + deaths)","Damage in levels","Femininity x damage","No pressure control","Drop 4 with 100+ deaths","1979-2012",53,52.977328340504,-57.0839950400199,445.299195673529,0.515179533306278,114,"p ≥ .05"
"Female name (0/1)","OLS, log(1 + deaths)","Damage in levels","Femininity x damage","Pressure control","All storms","1950-2012",92,54.4849851060657,-19.0920497361765,194.972379666036,0.190966587437866,115,"p ≥ .05"
"Femininity index","OLS, log(1 + deaths)","Damage in levels","Femininity x damage","No pressure control","Drop 4 with 100+ deaths","1979-2012",53,59.9563415618161,-58.5371142819721,517.082741896946,0.49849545231407,116,"p ≥ .05"
"Femininity index","Negative binomial","Damage in logs","Femininity x damage","No pressure control","All storms","1950-2012",92,63.3787626609635,-14.6092731980803,212.593897350776,0.138096677627711,117,"p ≥ .05"
"Femininity index","Negative binomial","Damage in logs","Femininity x damage","Pressure control","All storms","1950-2012",92,65.0431207430776,-13.6710996093416,215.528537735917,0.12967569191546,118,"p ≥ .05"
"Female name (0/1)","Negative binomial","Damage in logs","Femininity x damage","No pressure control","All storms","1950-2012",92,68.9601930713824,-13.6166659442866,230.475168095583,0.125435708030788,119,"p ≥ .05"
"Female name (0/1)","Negative binomial","Damage in logs","Femininity x damage","Pressure control","All storms","1950-2012",92,70.2279697388091,-12.9224018483497,232.778605479344,0.119846264758097,120,"p ≥ .05"
"Femininity index","Negative binomial","Damage in levels","Femininity x damage","No pressure control","Drop 4 with 100+ deaths","1950-2012",88,71.3719103991661,-20.6996296441535,270.342932095709,0.170657585339237,121,"p ≥ .05"
"Female name (0/1)","Negative binomial","Damage in levels","Femininity x damage","No pressure control","Drop 4 with 100+ deaths","1950-2012",88,87.9658609833258,-16.2273293736103,321.75049011835,0.125875337315852,122,"p ≥ .05"
"Femininity index","Negative binomial","Damage in levels","Femininity x damage","No pressure control","All storms","1950-2012",92,155.937056219494,26.3495683295063,418.432928678266,0.00906969187413133,123,"p < .05"
"Female name (0/1)","Negative binomial","Damage in levels","Femininity x damage","No pressure control","All storms","1950-2012",92,168.278828975488,28.0533748325028,462.058830316676,0.00891433540426566,124,"p < .05"
"Femininity index","Negative binomial","Damage in levels","Femininity x damage","Pressure control","All storms","1950-2012",92,209.346676337892,55.9672745354719,513.560546251236,0.00122872681786507,125,"p < .05"
"Female name (0/1)","Negative binomial","Damage in levels","Femininity x damage","Pressure control","All storms","1950-2012",92,218.067415037967,54.9801825961063,552.77301145389,0.00160831596538051,126,"p < .05"
"Female name (0/1)","Negative binomial","Damage in levels","Femininity x damage","No pressure control","Drop 4 with 100+ deaths","1979-2012",53,291.45169454898,3.49721856149656,1380.56567408349,0.0443629514720043,127,"p < .05"
"Femininity index","Negative binomial","Damage in levels","Femininity x damage","No pressure control","Drop 4 with 100+ deaths","1979-2012",53,302.351751198961,-1.48088900427283,1543.20333442607,0.0524748532638201,128,"p ≥ .05"
